address,tokenId
0x0000000000000000000000000000000000000001,1
0x0000000000000000000000000000000000000002,2
0x0000000000000000000000000000000000000003,3
0x0000000000000000000000000000000000000004,4
0x0000000000000000000000000000000000000005,5
0x0000000000000000000000000000000000000006,6
0x0000000000000000000000000000000000000007,7
0x0000000000000000000000000000000000000008,8
0x0000000000000000000000000000000000000009,9
0x000000000000000000000000000000000000000a,10
0x000000000000000000000000000000000000000b,11
0x000000000000000000000000000000000000000c,12
0x000000000000000000000000000000000000000d,13
0x000000000000000000000000000000000000000e,14
0x000000000000000000000000000000000000000f,15
0x0000000000000000000000000000000000000010,16
0x0000000000000000000000000000000000000011,17
0x0000000000000000000000000000000000000012,18
0x0000000000000000000000000000000000000013,19
0x0000000000000000000000000000000000000014,20
0x0000000000000000000000000000000000000015,21
0x0000000000000000000000000000000000000016,22
0x0000000000000000000000000000000000000017,23
0x0000000000000000000000000000000000000018,24
0x0000000000000000000000000000000000000019,25
0x000000000000000000000000000000000000001a,26
0x000000000000000000000000000000000000001b,27
0x000000000000000000000000000000000000001c,28
0x000000000000000000000000000000000000001d,29
0x000000000000000000000000000000000000001e,30
0x000000000000000000000000000000000000001f,31
0x0000000000000000000000000000000000000020,32
0x0000000000000000000000000000000000000021,33
0x0000000000000000000000000000000000000022,34
0x0000000000000000000000000000000000000023,35
0x0000000000000000000000000000000000000024,36
0x0000000000000000000000000000000000000025,37
0x0000000000000000000000000000000000000026,38
0x0000000000000000000000000000000000000027,39
0x0000000000000000000000000000000000000028,40
0x0000000000000000000000000000000000000029,41
0x000000000000000000000000000000000000002a,42
0x000000000000000000000000000000000000002b,43
0x000000000000000000000000000000000000002c,44
0x000000000000000000000000000000000000002d,45
0x000000000000000000000000000000000000002e,46
0x000000000000000000000000000000000000002f,47
0x0000000000000000000000000000000000000030,48
0x0000000000000000000000000000000000000031,49
0x0000000000000000000000000000000000000032,50
0x0000000000000000000000000000000000000033,51
0x0000000000000000000000000000000000000034,52
0x0000000000000000000000000000000000000035,53
0x0000000000000000000000000000000000000036,54
0x0000000000000000000000000000000000000037,55
0x0000000000000000000000000000000000000038,56
0x0000000000000000000000000000000000000039,57
0x000000000000000000000000000000000000003a,58
0x000000000000000000000000000000000000003b,59
0x000000000000000000000000000000000000003c,60
0x000000000000000000000000000000000000003d,61
0x000000000000000000000000000000000000003e,62
0x000000000000000000000000000000000000003f,63
0x0000000000000000000000000000000000000040,64
0x0000000000000000000000000000000000000041,65
0x0000000000000000000000000000000000000042,66
0x0000000000000000000000000000000000000043,67
0x0000000000000000000000000000000000000044,68
0x0000000000000000000000000000000000000045,69
0x0000000000000000000000000000000000000046,70
0x0000000000000000000000000000000000000047,71
0x0000000000000000000000000000000000000048,72
0x0000000000000000000000000000000000000049,73
0x000000000000000000000000000000000000004a,74
0x000000000000000000000000000000000000004b,75
0x000000000000000000000000000000000000004c,76
0x000000000000000000000000000000000000004d,77
0x000000000000000000000000000000000000004e,78
0x000000000000000000000000000000000000004f,79
0x0000000000000000000000000000000000000050,80
0x0000000000000000000000000000000000000051,81
0x0000000000000000000000000000000000000052,82
0x0000000000000000000000000000000000000053,83
0x0000000000000000000000000000000000000054,84
0x0000000000000000000000000000000000000055,85
0x0000000000000000000000000000000000000056,86
0x0000000000000000000000000000000000000057,87
0x0000000000000000000000000000000000000058,88
0x0000000000000000000000000000000000000059,89
0x000000000000000000000000000000000000005a,90
0x000000000000000000000000000000000000005b,91
0x000000000000000000000000000000000000005c,92
0x000000000000000000000000000000000000005d,93
0x000000000000000000000000000000000000005e,94
0x000000000000000000000000000000000000005f,95
0x0000000000000000000000000000000000000060,96
0x0000000000000000000000000000000000000061,97
0x0000000000000000000000000000000000000062,98
0x0000000000000000000000000000000000000063,99
0x0000000000000000000000000000000000000064,100
0x0000000000000000000000000000000000000065,101
0x0000000000000000000000000000000000000066,102
0x0000000000000000000000000000000000000067,103
0x0000000000000000000000000000000000000068,104
0x0000000000000000000000000000000000000069,105
0x000000000000000000000000000000000000006a,106
0x000000000000000000000000000000000000006b,107
0x000000000000000000000000000000000000006c,108
0x000000000000000000000000000000000000006d,109
0x000000000000000000000000000000000000006e,110
0x000000000000000000000000000000000000006f,111
0x0000000000000000000000000000000000000070,112
0x0000000000000000000000000000000000000071,113
0x0000000000000000000000000000000000000072,114
0x0000000000000000000000000000000000000073,115
0x0000000000000000000000000000000000000074,116
0x0000000000000000000000000000000000000075,117
0x0000000000000000000000000000000000000076,118
0x0000000000000000000000000000000000000077,119
0x0000000000000000000000000000000000000078,120
0x0000000000000000000000000000000000000079,121
0x000000000000000000000000000000000000007a,122
0x000000000000000000000000000000000000007b,123
0x000000000000000000000000000000000000007c,124
0x000000000000000000000000000000000000007d,125
0x000000000000000000000000000000000000007e,126
0x000000000000000000000000000000000000007f,127
0x0000000000000000000000000000000000000080,128
0x0000000000000000000000000000000000000081,129
0x0000000000000000000000000000000000000082,130
0x0000000000000000000000000000000000000083,131
0x0000000000000000000000000000000000000084,132
0x0000000000000000000000000000000000000085,133
0x0000000000000000000000000000000000000086,134
0x0000000000000000000000000000000000000087,135
0x0000000000000000000000000000000000000088,136
0x0000000000000000000000000000000000000089,137
0x000000000000000000000000000000000000008a,138
0x000000000000000000000000000000000000008b,139
0x000000000000000000000000000000000000008c,140
0x000000000000000000000000000000000000008d,141
0x000000000000000000000000000000000000008e,142
0x000000000000000000000000000000000000008f,143
0x0000000000000000000000000000000000000090,144
0x0000000000000000000000000000000000000091,145
0x0000000000000000000000000000000000000092,146
0x0000000000000000000000000000000000000093,147
0x0000000000000000000000000000000000000094,148
0x0000000000000000000000000000000000000095,149
0x0000000000000000000000000000000000000096,150
0x0000000000000000000000000000000000000097,151
0x0000000000000000000000000000000000000098,152
0x0000000000000000000000000000000000000099,153
0x000000000000000000000000000000000000009a,154
0x000000000000000000000000000000000000009b,155
0x000000000000000000000000000000000000009c,156
0x000000000000000000000000000000000000009d,157
0x000000000000000000000000000000000000009e,158
0x000000000000000000000000000000000000009f,159
0x00000000000000000000000000000000000000a0,160
0x00000000000000000000000000000000000000a1,161
0x00000000000000000000000000000000000000a2,162
0x00000000000000000000000000000000000000a3,163
0x00000000000000000000000000000000000000a4,164
0x00000000000000000000000000000000000000a5,165
0x00000000000000000000000000000000000000a6,166
0x00000000000000000000000000000000000000a7,167
0x00000000000000000000000000000000000000a8,168
0x00000000000000000000000000000000000000a9,169
0x00000000000000000000000000000000000000aa,170
0x00000000000000000000000000000000000000ab,171
0x00000000000000000000000000000000000000ac,172
0x00000000000000000000000000000000000000ad,173
0x00000000000000000000000000000000000000ae,174
0x00000000000000000000000000000000000000af,175
0x00000000000000000000000000000000000000b0,176
0x00000000000000000000000000000000000000b1,177
0x00000000000000000000000000000000000000b2,178
0x00000000000000000000000000000000000000b3,179
0x00000000000000000000000000000000000000b4,180
0x00000000000000000000000000000000000000b5,181
0x00000000000000000000000000000000000000b6,182
0x00000000000000000000000000000000000000b7,183
0x00000000000000000000000000000000000000b8,184
0x00000000000000000000000000000000000000b9,185
0x00000000000000000000000000000000000000ba,186
0x00000000000000000000000000000000000000bb,187
0x00000000000000000000000000000000000000bc,188
0x00000000000000000000000000000000000000bd,189
0x00000000000000000000000000000000000000be,190
0x00000000000000000000000000000000000000bf,191
0x00000000000000000000000000000000000000c0,192
0x00000000000000000000000000000000000000c1,193
0x00000000000000000000000000000000000000c2,194
0x00000000000000000000000000000000000000c3,195
0x00000000000000000000000000000000000000c4,196
0x00000000000000000000000000000000000000c5,197
0x00000000000000000000000000000000000000c6,198
0x00000000000000000000000000000000000000c7,199
0x00000000000000000000000000000000000000c8,200
0x00000000000000000000000000000000000000c9,201
0x00000000000000000000000000000000000000ca,202
0x00000000000000000000000000000000000000cb,203
0x00000000000000000000000000000000000000cc,204
0x00000000000000000000000000000000000000cd,205
0x00000000000000000000000000000000000000ce,206
0x00000000000000000000000000000000000000cf,207
0x00000000000000000000000000000000000000d0,208
0x00000000000000000000000000000000000000d1,209
0x00000000000000000000000000000000000000d2,210
0x00000000000000000000000000000000000000d3,211
0x00000000000000000000000000000000000000d4,212
0x00000000000000000000000000000000000000d5,213
0x00000000000000000000000000000000000000d6,214
0x00000000000000000000000000000000000000d7,215
0x00000000000000000000000000000000000000d8,216
0x00000000000000000000000000000000000000d9,217
0x00000000000000000000000000000000000000da,218
0x00000000000000000000000000000000000000db,219
0x00000000000000000000000000000000000000dc,220
0x00000000000000000000000000000000000000dd,221
0x00000000000000000000000000000000000000de,222
0x00000000000000000000000000000000000000df,223
0x00000000000000000000000000000000000000e0,224
0x00000000000000000000000000000000000000e1,225
0x00000000000000000000000000000000000000e2,226
0x00000000000000000000000000000000000000e3,227
0x00000000000000000000000000000000000000e4,228
0x00000000000000000000000000000000000000e5,229
0x00000000000000000000000000000000000000e6,230
0x00000000000000000000000000000000000000e7,231
0x00000000000000000000000000000000000000e8,232
0x00000000000000000000000000000000000000e9,233
0x00000000000000000000000000000000000000ea,234
0x00000000000000000000000000000000000000eb,235
0x00000000000000000000000000000000000000ec,236
0x00000000000000000000000000000000000000ed,237
0x00000000000000000000000000000000000000ee,238
0x00000000000000000000000000000000000000ef,239
0x00000000000000000000000000000000000000f0,240
0x00000000000000000000000000000000000000f1,241
0x00000000000000000000000000000000000000f2,242
0x00000000000000000000000000000000000000f3,243
0x00000000000000000000000000000000000000f4,244
0x00000000000000000000000000000000000000f5,245
0x00000000000000000000000000000000000000f6,246
0x00000000000000000000000000000000000000f7,247
0x00000000000000000000000000000000000000f8,248
0x00000000000000000000000000000000000000f9,249
0x00000000000000000000000000000000000000fa,250
